{
	"flights": [
		{
			"flightNo": "AL-202",
			"origin": "bangalore",
			"destination": "mumbai",
			"time": {
				"depart": "2019-07-15 03:00:00 AM",
				"arrive": "2019-07-15 05:30:00 AM"
			},
			"date": "2019-07-15 03:30:00",
      "amount": "2300.00",
      "image": "./assets/images/indigo.jpg"
		},
		{
			"flightNo": "AL-206",
			"origin": "kolkata",
			"destination": "mumbai",
			"time": {
				"depart": "2019-07-15 08:00:00 AM",
				"arrive": "2019-07-15 10:30:00 AM"
			},
			"date": "2019-07-15 01:30:00",
      "amount": "990.00",
      "image": "./assets/images/indigo.jpg"
		},
		{
			"flightNo": "AL-206",
			"origin": "kolkata",
			"destination": "mumbai",
			"time": {
				"depart": "2019-07-15 04:12:00 PM",
				"arrive": "2019-07-15 07:30:00 pM"
			},
			"date": "2019-07-15 01:30:00",
      "amount": "990.00",
      "image": "./assets/images/ind.png"
		},
		{
			"flightNo": "AL-217",
			"origin": "mumbai",
			"destination": "bangalore",
			"time": {
				"depart": "2019-07-15 09:00:00 PM",
				"arrive": "2019-07-15 11:30:00 PM"
			},
			"date": "2019-07-15 01:30:00",
      "amount": "850.00",
      "image": "./assets/images/ind.png"
		},
		{
			"flightNo": "AL-333",
			"origin": "bangalore",
			"destination": "mumbai",
			"time": {
				"depart": "2019-07-15 08:00:00 AM",
				"arrive": "2019-07-15 10:30:00 AM"
			},
			"date": "2019-07-15 01:30:00",
      "amount": "990.00",
      "image": "./assets/images/ind.png"
		},
		{
			"flightNo": "AL-204",
			"origin": "mumbai",
			"destination": "bangalore",
			"time": {
				"depart": "2019-07-16 09:00:00 PM",
				"arrive": "2019-07-16 11:30:00 PM"
			},
			"date": "2019-07-15 01:02:03",
      "amount": "1000.00",
      "image": "./assets/images/indigo.jpg"
		},
		{
			"flightNo": "AL-102",
			"origin": "delhi",
			"destination": "mumbai",
			"time": {
				"depart": "2019-07-17 08:00:00 AM",
				"arrive": "2019-07-17 10:30:00 AM"
			},
			"date": "2019-07-15 01:30:00",
      "amount": "1000.00",
      "image": "./assets/images/ind.png"
		},
		{
			"flightNo": "AL-102",
			"origin": "mumbai",
			"destination": "delhi",
			"time": {
				"depart": "2019-07-17 09:00:00 PM",
				"arrive": "2019-07-17 11:30:00 PM"
			},
			"date": "2019-07-17 01:30:00",
      "amount": "1000.00",
      "image": "./assets/images/indigo.jpg"
		},
		{
			"flightNo": "IN-699",
			"origin": "delhi",
			"destination": "bangalore",
			"time": {
				"depart": "2019-07-15 08:00:00 AM",
				"arrive": "2019-07-15 10:30:00 AM"
			},
			"date": "2019-07-15 01:30:00",
      "amount": "1600.00",
      "image": "./assets/images/ind.png"
		},
		{
			"flightNo": "IN-699",
			"origin": "bangalore",
			"destination": "delhi",
			"time": {
				"depart": "2019-07-15 08:00:00 AM",
				"arrive": "2019-07-15 10:30:00 AM"
			},
			"date": "2019-07-15 01:30:00",
      "amount": "1600.00",
      "image": "./assets/images/indigo.jpg"
		},
		{
			"flightNo": "IN-714",
			"origin": "bangalore",
			"destination": "kolkata",
			"time": {
				"depart": "2019-07-15 08:00:00 AM",
				"arrive": "2019-07-15 10:30:00 AM"
			},
			"date": "2019-07-15 01:30:00",
      "amount": "1950.00",
      "image": "./assets/images/ind.png"
		},
		{
			"flightNo": "IN-704",
			"origin": "bangalore",
			"destination": "kolkata",
			"time": {
				"depart": "2019-07-15 08:00:00 AM",
				"arrive": "2019-07-15 10:30:00 AM"
			},
			"date": "2019-07-15 01:30:00",
      "amount": "1600.00",
      "image": "./assets/images/ind.png"
		},
		{
			"flightNo": "IN-690",
			"origin": "mumbai",
			"destination": "bangalore",
			"time": {
				"depart": "2019-07-15 08:00:00 AM",
				"arrive": "2019-07-15 10:30:00 AM"
			},
			"date": "2019-07-15 01:30:00",
      "amount": "1300.00",
      "image": "./assets/images/ind.png"
		},
		{
			"flightNo": "IN-690",
			"origin": "bangalore",
			"destination": "mumbai",
			"time": {
				"depart": "2019-07-15 08:00:00 AM",
				"arrive": "2019-07-15 10:30:00 AM"
			},
			"date": "2019-07-15 01:30:00",
      "amount": "1599.00",
      "image": "./assets/images/indigo.jpg"
		},
		{
			"flightNo": "AL-203",
			"origin": "mumbai",
			"destination": "kolkata",
			"time": {
				"depart": "2019-07-15 08:00:00 AM",
				"arrive": "2019-07-15 10:30:00 AM"
			},
			"date": "2019-07-15 01:30:00",
      "amount": "2500.00",
      "image": "./assets/images/ind.png"
		},
		{
			"flightNo": "AL-203",
			"origin": "mumbai",
			"destination": "amravati",
			"time": {
				"depart": "2019-07-15 08:00:00 AM",
				"arrive": "2019-07-15 10:30:00 AM"
			},
			"date": "2019-07-15 01:30:00",
      "amount": "1500.50",
      "image": "./assets/images/indigo.jpg"
		},
		{
			"flightNo": "AL-203",
			"origin": "delhi",
			"destination": "kolkata",
			"time": {
				"depart": "2019-07-15 08:00:00 AM",
				"arrive": "2019-07-15 10:30:00 AM"
			},
			"date": "2019-07-15 01:30:00",
      "amount": "6000.00",
      "image": "./assets/images/ind.png"
		},
		{
			"flightNo": "AL-203",
			"origin": "mumbai",
			"destination": "kolkata",
			"time": {
				"depart": "2019-07-15 08:00:00 AM",
				"arrive": "2019-07-15 10:30:00 AM"
			},
			"date": "2019-07-15 01:30:00",
      "amount": "5000.00",
      "image": "./assets/images/ind.png"
		},
		{
			"flightNo": "AL-702",
			"origin": "mumbai",
			"destination": "kolkata",
			"time": {
				"depart": "2019-07-15 04:00:00 AM",
				"arrive": "2019-07-15 10:30:00 AM"
			},
			"date": "2019-07-15 01:30:00",
      "amount": "5300.00",
      "image": "./assets/images/ind.png"
		},
		{
			"flightNo": "AL-107",
			"origin": "mumbai",
			"destination": "kolkata",
			"time": {
				"depart": "2019-07-15 05:00:00 PM",
				"arrive": "2019-07-15 10:45:00 PM"
			},
			"date": "2019-07-15 01:30:00",
      "amount": "5185.75",
      "image": "./assets/images/indigo.jpg"
		},
		{
			"flightNo": "AL-206",
			"origin": "mumbai",
			"destination": "kolkata",
			"time": {
				"depart": "2019-07-15 03:00:00 AM",
				"arrive": "2019-07-15 04:30:00 AM"
			},
			"date": "2019-07-15 01:30:00",
      "amount": "4545.00",
      "image": "./assets/images/ind.png"
		},
		{
			"flightNo": "AL-209",
			"origin": "mumbai",
			"destination": "kolkata",
			"time": {
				"depart": "2019-07-15 04:00:00 AM",
				"arrive": "2019-07-15 10:30:00 AM"
			},
			"date": "2019-07-15 01:30:00",
      "amount": "900.00",
      "image": "./assets/images/ind.png"
    },

    {
			"flightNo": "AL-203",
			"origin": "kolkata",
			"destination": "mumbai",
			"time": {
				"depart": "2019-07-16 11:00:00 AM",
				"arrive": "2019-07-16 12:30:00 AM"
			},
			"date": "2019-07-16 01:30:00",
      "amount": "1200.00",
      "image": "./assets/images/ind.png"
		},

		{
			"flightNo": "AL-700",
			"origin": "mumbai",
			"destination": "kolkata",
			"time": {
				"depart": "2019-07-15 08:00:00 AM",
				"arrive": "2019-07-15 10:30:00 AM"
			},
			"date": "2019-07-15 01:30:00",
      "amount": "9500.00",
      "image": "./assets/images/ind.png"
		},
		{
			"flightNo": "AL-203",
			"origin": "mumbai",
			"destination": "kolkata",
			"time": {
				"depart": "2019-07-15 01:00:00 AM",
				"arrive": "2019-07-15 03:30:00 AM"
			},
			"date": "2019-07-15 01:30:00",
      "amount": "6000.00",
      "image": "./assets/images/ind.png"
		},
		{
			"flightNo": "AL-203",
			"origin": "mumbai",
			"destination": "kolkata",
			"time": {
				"depart": "2019-07-15 07:00:00 AM",
				"arrive": "2019-07-15 08:30:00 AM"
			},
			"date": "2019-07-15 01:30:00",
      "amount": "8500.00",
      "image": "./assets/images/ind.png"
		},
		{
			"flightNo": "AL-203",
			"origin": "mumbai",
			"destination": "kolkata",
			"time": {
				"depart": "2019-07-15 04:00:00 AM",
				"arrive": "2019-07-15 06:30:00 AM"
			},
			"date": "2019-07-15 01:30:00",
      "amount": "8499.00",
      "image": "./assets/images/ind.png"
		}
	]
}
